filename,file_path,creation_date,last_modified,file_size,num_chars,num_words,metadata_generation_date,aseguradoras,tipos_seguro,coberturas,fechas,organizaciones,personas,ubicaciones,palabras_clave
auto-plus-basico.pdf,data\processed\auto-plus-basico.txt,2025-05-05T17:15:52.613762,2025-05-05T17:15:52.613762,5482,5216,775,2025-05-05T17:35:15.709878,['Allianz'],"['Automóvil', 'Responsabilidad Civil', 'auto', 'automóvil']","['Accidente', 'Asistencia', 'Daños', 'Incendio', 'Invalidez', 'Responsabilidad', 'Robo', 'asistencia', 'daños', 'responsabilidad']",['28-09-2018'],['Allianz'],[],[],"['anticipación', 'asegurado', 'asegurador', 'asegurar', 'automóvil', 'bien', 'caso', 'civil', 'cobertura', 'compañía', 'complementario', 'comunicar', 'condición', 'conducir', 'conductor', 'consecuencia', 'contrato', 'convenio', 'daño', 'deber', 'dirección', 'documento', 'entidad', 'euros', 'facilitar', 'formalización', 'garantía', 'información', 'jurídico', 'medio', 'mes', 'modificación', 'máximo', 'notificar él', 'obligatorio', 'oponer', 'pagar', 'pago', 'país', 'permiso', 'persona', 'plazo', 'prima', 'producir', 'producto', 'préstamo', 'pérdida', 'póliza', 'reparación', 'responsabilidad', 'robo', 'seguro', 'siniestro', 'tipo', 'tomador', 'técnico', 'vehículo', 'vencimiento', 'vigencia']"
auto-plus-franquicia1.pdf,data\processed\auto-plus-franquicia1.txt,2025-05-05T17:15:52.671905,2025-05-05T17:15:52.671905,5768,5489,823,2025-05-05T17:35:15.967058,['Allianz'],"['Automóvil', 'Responsabilidad Civil', 'auto', 'automóvil']","['Accidente', 'Asistencia', 'Daños', 'Incendio', 'Invalidez', 'Responsabilidad', 'Robo', 'asistencia', 'daños', 'responsabilidad']",['28-09-2018'],['Allianz'],[],[],"['allianz', 'animal', 'anticipación', 'asegurado', 'asegurador', 'asegurar', 'automóvil', 'bien', 'caso', 'cinegético', 'civil', 'cobertura', 'compañía', 'complementario', 'comunicar', 'condición', 'conducir', 'conductor', 'consecuencia', 'contrato', 'convenio', 'daño', 'deber', 'dirección', 'documento', 'entidad', 'euros', 'facilitar', 'formalización', 'franquicia', 'función', 'garantía', 'información', 'jurídico', 'medio', 'mes', 'modificación', 'naturaleza', 'notificar él', 'obligatorio', 'oponer', 'pagar', 'pago', 'país', 'permiso', 'persona', 'plazo', 'prima', 'producir', 'producto', 'pérdida', 'póliza', 'responsabilidad', 'riesgo', 'robo', 'seguro', 'siniestro', 'tipo', 'tomador', 'técnico', 'valor', 'vehículo', 'vencimiento', 'vigencia']"
auto-plus-franquicia2.pdf,data\processed\auto-plus-franquicia2.txt,2025-05-05T17:15:52.720914,2025-05-05T17:15:52.720914,5768,5489,823,2025-05-05T17:35:16.183263,['Allianz'],"['Automóvil', 'Responsabilidad Civil', 'auto', 'automóvil']","['Accidente', 'Asistencia', 'Daños', 'Incendio', 'Invalidez', 'Responsabilidad', 'Robo', 'asistencia', 'daños', 'responsabilidad']",['28-09-2018'],['Allianz'],[],[],"['allianz', 'animal', 'anticipación', 'asegurado', 'asegurador', 'asegurar', 'automóvil', 'bien', 'caso', 'cinegético', 'civil', 'cobertura', 'compañía', 'complementario', 'comunicar', 'condición', 'conducir', 'conductor', 'consecuencia', 'contrato', 'convenio', 'daño', 'deber', 'dirección', 'documento', 'entidad', 'euros', 'facilitar', 'formalización', 'franquicia', 'función', 'garantía', 'información', 'jurídico', 'medio', 'mes', 'modificación', 'naturaleza', 'notificar él', 'obligatorio', 'oponer', 'pagar', 'pago', 'país', 'permiso', 'persona', 'plazo', 'prima', 'producir', 'producto', 'pérdida', 'póliza', 'responsabilidad', 'riesgo', 'robo', 'seguro', 'siniestro', 'tipo', 'tomador', 'técnico', 'valor', 'vehículo', 'vencimiento', 'vigencia']"
auto-plus-robo-incendio.pdf,data\processed\auto-plus-robo-incendio.txt,2025-05-05T17:15:52.812691,2025-05-05T17:15:52.812691,5601,5326,790,2025-05-05T17:35:16.386644,['Allianz'],"['Automóvil', 'Responsabilidad Civil', 'auto', 'automóvil']","['Accidente', 'Asistencia', 'Daños', 'Incendio', 'Invalidez', 'Responsabilidad', 'Robo', 'asistencia', 'daños', 'responsabilidad']",['28-09-2018'],['Allianz'],[],[],"['animal', 'anticipación', 'asegurado', 'asegurador', 'asegurar', 'automóvil', 'bien', 'caso', 'cinegético', 'civil', 'cobertura', 'compañía', 'complementario', 'comunicar', 'condición', 'conducir', 'conductor', 'consecuencia', 'contrato', 'convenio', 'daño', 'deber', 'dirección', 'documento', 'entidad', 'euros', 'facilitar', 'formalización', 'garantía', 'incendio', 'información', 'jurídico', 'medio', 'mes', 'modificación', 'máximo', 'naturaleza', 'notificar él', 'obligatorio', 'oponer', 'pagar', 'pago', 'país', 'permiso', 'persona', 'plazo', 'prima', 'producir', 'producto', 'préstamo', 'pérdida', 'póliza', 'reparación', 'responsabilidad', 'robo', 'seguro', 'siniestro', 'tipo', 'tomador', 'técnico', 'valor', 'vehículo', 'vencimiento', 'vigencia']"
auto-plus-terceros.pdf,data\processed\auto-plus-terceros.txt,2025-05-05T17:15:52.889269,2025-05-05T17:15:52.891270,5234,4987,740,2025-05-05T17:35:16.600980,['Allianz'],"['Automóvil', 'Responsabilidad Civil', 'auto', 'automóvil']","['Accidente', 'Asistencia', 'Daños', 'Incendio', 'Invalidez', 'Responsabilidad', 'Robo', 'asistencia', 'daños', 'responsabilidad']",['28-09-2018'],['Allianz'],[],[],"['anticipación', 'asegurado', 'asegurador', 'asegurar', 'automóvil', 'bien', 'caso', 'civil', 'cobertura', 'compañía', 'complementario', 'comunicar', 'condición', 'conductor', 'consecuencia', 'contrato', 'convenio', 'daño', 'deber', 'dirección', 'documento', 'entidad', 'euros', 'facilitar', 'formalización', 'garantía', 'información', 'jurídico', 'medio', 'mes', 'modificación', 'notificar él', 'obligatorio', 'oponer', 'pagar', 'pago', 'país', 'permiso', 'persona', 'plazo', 'prima', 'producir', 'producto', 'póliza', 'responsabilidad', 'robo', 'rotura', 'seguro', 'siniestro', 'tipo', 'tomador', 'técnico', 'vehículo', 'vencimiento']"
auto-plus-tr-sin-franquicia.pdf,data\processed\auto-plus-tr-sin-franquicia.txt,2025-05-05T17:15:52.940134,2025-05-05T17:15:52.940134,5557,5290,803,2025-05-05T17:35:16.785070,['Allianz'],"['Auto', 'Automóvil', 'Responsabilidad Civil', 'auto', 'automóvil']","['Accidente', 'Asistencia', 'Daños', 'Incendio', 'Invalidez', 'Responsabilidad', 'Robo', 'asistencia', 'daños', 'responsabilidad']",['30-09-2019'],['Allianz'],[],[],"['animal', 'anticipación', 'asegurado', 'asegurador', 'asegurar', 'automóvil', 'bien', 'caso', 'cinegético', 'civil', 'cobertura', 'compañía', 'complementario', 'condición', 'conducir', 'conductor', 'consecuencia', 'contrato', 'convenio', 'daño', 'deber', 'dirección', 'documento', 'entidad', 'euros', 'formalización', 'franquicia', 'garantía', 'información', 'jurídico', 'medio', 'mes', 'modificación', 'naturaleza', 'notificar él', 'obligatorio', 'oponer', 'pago', 'país', 'permiso', 'persona', 'plazo', 'prima', 'producir', 'producto', 'pérdida', 'póliza', 'responsabilidad', 'riesgo', 'robo', 'seguro', 'siniestro', 'tipo', 'tomador', 'técnico', 'valor', 'vehículo', 'vencimiento', 'vigencia']"
autocar-básico-ipid.pdf,data\processed\autocar-básico-ipid.txt,2025-05-05T17:15:53.072466,2025-05-05T17:15:53.072466,5038,4803,728,2025-05-05T17:35:16.995819,"['ALLIANZ', 'Allianz']","['AUTO', 'Responsabilidad Civil', 'Responsabilidad civil', 'auto', 'automóvil']","['Accidente', 'Daños', 'Incendio', 'Invalidez', 'Responsabilidad', 'Robo', 'daños', 'responsabilidad', 'robo']",[],[],['Producto'],[],"['allianz', 'anticipación', 'asegurador', 'asegurar', 'bien', 'c', 'carga', 'carácter', 'caso', 'circulación', 'civil', 'cobertura', 'compañía', 'complementario', 'comunicar', 'conducción', 'conductor', 'consecuencia', 'contratación', 'contrato', 'convenio', 'daño', 'deber', 'dirección', 'do', 'entidad', 'euros', 'facilitar', 'fenómeno', 'formalización', 'indemnización', 'información', 'medio', 'mes', 'máximo', 'nacional', 'naturaleza', 'notificando él', 'oberturo', 'obligatorio', 'oponer', 'pagar', 'pago', 'país', 'persona', 'plazo', 'prima', 'producir', 'producto', 'póliza', 'q', 'r', 'reclamación', 'responsabilidad', 'riesgo', 'seguro', 'siniestro', 'situación', 'tomador', 'ue', 'vehículo', 'vencimiento']"
autocar-danos-estructura-ipid.pdf,data\processed\autocar-danos-estructura-ipid.txt,2025-05-05T17:15:53.202456,2025-05-05T17:15:53.202456,5596,5330,814,2025-05-05T17:35:17.209827,"['ALLIANZ', 'Allianz']","['AUTO', 'Responsabilidad Civil', 'Responsabilidad civil', 'auto', 'automóvil']","['Accidente', 'Asistencia', 'DAÑOS', 'Daños', 'Incendio', 'Invalidez', 'Responsabilidad', 'Robo', 'daños', 'responsabilidad', 'robo']",[],[],['Producto'],[],"['accesorio', 'allianz', 'anticipación', 'asegurador', 'asegurar', 'bien', 'c', 'carga', 'carácter', 'caso', 'circulación', 'civil', 'cobertura', 'compañía', 'complementario', 'comunicar', 'conducción', 'conductor', 'consecuencia', 'contratación', 'contrato', 'convenio', 'daño', 'deber', 'dirección', 'do', 'documento', 'efecto', 'entidad', 'euros', 'facilitar', 'fenómeno', 'formalización', 'incendio', 'indemnización', 'información', 'medio', 'mes', 'máximo', 'nacional', 'naturaleza', 'notificando él', 'oberturo', 'obligatorio', 'oponer', 'pagar', 'pago', 'país', 'permiso', 'persona', 'plazo', 'prima', 'producir', 'producto', 'póliza', 'q', 'r', 'reclamación', 'responsabilidad', 'riesgo', 'robo', 'seguro', 'siniestro', 'situación', 'tomador', 'ue', 'valor', 'vehículo', 'vencimiento']"
autocar-incendio-ipid.pdf,data\processed\autocar-incendio-ipid.txt,2025-05-05T17:15:53.384108,2025-05-05T17:15:53.384108,5425,5168,782,2025-05-05T17:35:17.421783,"['ALLIANZ', 'Allianz']","['AUTO', 'Responsabilidad Civil', 'Responsabilidad civil', 'auto', 'automóvil']","['Accidente', 'Asistencia', 'DAÑOS', 'Daños', 'INCENDIO', 'Incendio', 'Invalidez', 'ROBO', 'Responsabilidad', 'Robo', 'daños', 'responsabilidad', 'robo']",[],[],['Producto'],[],"['accesorio', 'allianz', 'anticipación', 'asegurador', 'asegurar', 'bien', 'c', 'carga', 'carácter', 'caso', 'circulación', 'civil', 'cobertura', 'compañía', 'complementario', 'comunicar', 'conducción', 'conductor', 'consecuencia', 'contratación', 'contrato', 'convenio', 'daño', 'deber', 'dirección', 'do', 'entidad', 'euros', 'facilitar', 'fenómeno', 'formalización', 'incendio', 'indemnización', 'información', 'medio', 'mes', 'máximo', 'nacional', 'naturaleza', 'notificando él', 'oberturo', 'obligatorio', 'oponer', 'pagar', 'pago', 'país', 'permiso', 'persona', 'plazo', 'prima', 'producir', 'producto', 'póliza', 'q', 'r', 'reclamación', 'responsabilidad', 'riesgo', 'robo', 'seguro', 'siniestro', 'situación', 'tomador', 'ue', 'valor', 'vehículo', 'vencimiento']"
camion-basico-ipid.pdf,data\processed\camion-basico-ipid.txt,2025-05-05T17:15:53.711544,2025-05-05T17:15:53.711651,5977,5699,851,2025-05-05T17:35:17.636242,"['ALLIANZ', 'Allianz']","['Responsabilidad Civil', 'Responsabilidad civil', 'auto', 'automóvil']","['Accidente', 'Asistencia', 'Daños', 'Incendio', 'Invalidez', 'Responsabilidad', 'Robo', 'asistencia', 'daños', 'responsabilidad', 'robo']",[],['Allianz'],['Semirremolques'],[],"['accidente', 'allianz', 'anticipación', 'asegurador', 'asegurar', 'asistencia', 'automóvil', 'bien', 'camión', 'carga', 'carácter', 'caso', 'circulación', 'civil', 'cobertura', 'compañía', 'complementario', 'comunicar', 'conducción', 'conducir', 'conductor', 'consecuencia', 'contratación', 'contrato', 'convenio', 'corporal', 'cristal', 'daño', 'deber', 'dirección', 'do', 'entidad', 'euros', 'facilitar', 'fenómeno', 'formalización', 'garantía', 'indemnización', 'información', 'medio', 'mes', 'máximo', 'nacional', 'naturaleza', 'notificando él', 'obligatorio', 'oponer', 'pagar', 'pago', 'país', 'permiso', 'persona', 'plazo', 'prima', 'producir', 'producto', 'póliza', 'q', 'rc', 'reclamación', 'remolque', 'responsabilidad', 'retirado', 'riesgo', 'robo', 'rotura', 'seguro', 'semirremolqu', 'siniestro', 'situación', 'tipo', 'tomador', 'ue', 'vehículo', 'vencimiento']"
camion-basico-robo-ipid.pdf,data\processed\camion-basico-robo-ipid.txt,2025-05-05T17:15:54.043491,2025-05-05T17:15:54.045191,6307,6014,888,2025-05-05T17:35:17.854110,"['ALLIANZ', 'Allianz']","['Responsabilidad Civil', 'Responsabilidad civil', 'auto', 'automóvil']","['Accidente', 'Asistencia', 'DAÑOS', 'Daños', 'INCENDIO', 'Incendio', 'Invalidez', 'ROBO', 'Responsabilidad', 'Robo', 'asistencia', 'daños', 'responsabilidad', 'robo']",[],['Allianz'],['Semirremolques'],[],"['accesorio', 'accidente', 'allianz', 'anticipación', 'asegurador', 'asegurar', 'asistencia', 'automóvil', 'bien', 'camión', 'carga', 'carácter', 'caso', 'circulación', 'civil', 'cobertura', 'compañía', 'complementario', 'comunicar', 'conducción', 'conducir', 'conductor', 'consecuencia', 'contrato', 'convenio', 'corporal', 'cristal', 'daño', 'deber', 'dirección', 'do', 'entidad', 'euros', 'facilitar', 'fenómeno', 'formalización', 'garantía', 'incendio', 'indemnización', 'información', 'medio', 'mes', 'máximo', 'nacional', 'naturaleza', 'notificando él', 'obligatorio', 'oponer', 'pagar', 'pago', 'país', 'permiso', 'persona', 'plazo', 'prima', 'producir', 'producto', 'póliza', 'q', 'rc', 'reclamación', 'remolque', 'responsabilidad', 'retirado', 'riesgo', 'robo', 'rotura', 'seguro', 'semirremolqu', 'siniestro', 'situación', 'tipo', 'tomador', 'ue', 'valor', 'vehículo', 'vencimiento']"
camion-perdida-total-ipid.pdf,data\processed\camion-perdida-total-ipid.txt,2025-05-05T17:15:54.230245,2025-05-05T17:15:54.230245,6206,5909,887,2025-05-05T17:35:18.090497,"['ALLIANZ', 'Allianz']","['Responsabilidad Civil', 'Responsabilidad civil', 'auto', 'automóvil']","['Accidente', 'Asistencia', 'Daños', 'Incendio', 'Invalidez', 'Responsabilidad', 'Robo', 'asistencia', 'daños', 'responsabilidad', 'robo']",[],['Allianz'],['Semirremolques'],[],"['accesorio', 'accidente', 'allianz', 'anticipación', 'asegurador', 'asegurar', 'asistencia', 'automóvil', 'bien', 'camión', 'carga', 'carácter', 'caso', 'circulación', 'civil', 'cobertura', 'compañía', 'complementario', 'comunicar', 'conducción', 'conducir', 'conductor', 'consecuencia', 'contrato', 'convenio', 'corporal', 'cristal', 'daño', 'deber', 'dirección', 'do', 'entidad', 'euros', 'facilitar', 'fenómeno', 'formalización', 'garantía', 'incendio', 'indemnización', 'información', 'medio', 'mes', 'máximo', 'nacional', 'naturaleza', 'notificando él', 'obligatorio', 'oponer', 'pagar', 'pago', 'país', 'permiso', 'persona', 'plazo', 'prima', 'producir', 'producto', 'póliza', 'q', 'rc', 'reclamación', 'remolque', 'responsabilidad', 'retirado', 'riesgo', 'robo', 'rotura', 'seguro', 'semirremolqu', 'siniestro', 'situación', 'tipo', 'tomador', 'ue', 'valor', 'vehículo', 'vencimiento']"
camion-todo-riesgo-franquicia-ipid.pdf,data\processed\camion-todo-riesgo-franquicia-ipid.txt,2025-05-05T17:15:54.401490,2025-05-05T17:15:54.401490,6609,6311,953,2025-05-05T17:35:18.336846,"['ALLIANZ', 'Allianz']","['Responsabilidad Civil', 'Responsabilidad civil', 'auto', 'automóvil']","['Accidente', 'Asistencia', 'Daños', 'Incendio', 'Invalidez', 'Responsabilidad', 'Robo', 'asistencia', 'daños', 'responsabilidad', 'robo']",[],[],"['Producto', 'Semirremolques']",[],"['accesorio', 'accidente', 'allianz', 'anticipación', 'asegurador', 'asegurar', 'asistencia', 'automóvil', 'bien', 'c', 'camión', 'carga', 'carácter', 'caso', 'circulación', 'civil', 'cobertura', 'compañía', 'complementario', 'comunicar', 'conducción', 'conducir', 'conductor', 'conjunto', 'consecuencia', 'contrato', 'convenio', 'corporal', 'cristal', 'daño', 'deber', 'dirección', 'do', 'efecto', 'entidad', 'euros', 'facilitar', 'fenómeno', 'formalización', 'garantía', 'incendio', 'indemnización', 'información', 'medio', 'mes', 'máximo', 'nacional', 'naturaleza', 'notificando él', 'oberturo', 'obligatorio', 'oponer', 'pagar', 'pago', 'país', 'permiso', 'persona', 'plazo', 'prima', 'producir', 'producto', 'póliza', 'q', 'r', 'rc', 'reclamación', 'remolque', 'responsabilidad', 'retirado', 'riesgo', 'robo', 'rotura', 'seguro', 'semirremolqu', 'siniestro', 'situación', 'subsidio', 'tomador', 'ue', 'valor', 'vehículo', 'vencimiento']"
camion-todo-riesgo-ipid.pdf,data\processed\camion-todo-riesgo-ipid.txt,2025-05-05T17:15:54.694726,2025-05-05T17:15:54.694726,6468,6170,936,2025-05-05T17:35:18.573347,"['ALLIANZ', 'Allianz']","['Responsabilidad Civil', 'Responsabilidad civil', 'auto', 'automóvil']","['Accidente', 'Asistencia', 'Daños', 'Incendio', 'Invalidez', 'Responsabilidad', 'Robo', 'asistencia', 'daños', 'responsabilidad', 'robo']",[],[],"['Producto', 'Semirremolques']",[],"['accesorio', 'accidente', 'allianz', 'anticipación', 'asegurador', 'asegurar', 'asistencia', 'automóvil', 'bien', 'c', 'camión', 'carga', 'carácter', 'caso', 'circulación', 'civil', 'cobertura', 'compañía', 'complementario', 'comunicar', 'conducción', 'conducir', 'conductor', 'conjunto', 'consecuencia', 'contrato', 'convenio', 'corporal', 'cristal', 'daño', 'deber', 'dirección', 'do', 'efecto', 'entidad', 'euros', 'facilitar', 'fenómeno', 'formalización', 'garantía', 'incendio', 'indemnización', 'información', 'medio', 'mes', 'máximo', 'nacional', 'naturaleza', 'notificando él', 'oberturo', 'obligatorio', 'oponer', 'pagar', 'pago', 'país', 'permiso', 'persona', 'plazo', 'prima', 'producir', 'producto', 'póliza', 'q', 'r', 'rc', 'reclamación', 'remolque', 'responsabilidad', 'retirado', 'riesgo', 'robo', 'rotura', 'seguro', 'semirremolqu', 'siniestro', 'situación', 'subsidio', 'tomador', 'ue', 'valor', 'vehículo', 'vencimiento']"
camion-tractor-basico-ipid.pdf,data\processed\camion-tractor-basico-ipid.txt,2025-05-05T17:15:54.834716,2025-05-05T17:15:54.835724,5977,5699,851,2025-05-05T17:35:18.823564,"['ALLIANZ', 'Allianz']","['Responsabilidad Civil', 'Responsabilidad civil', 'auto', 'automóvil']","['Accidente', 'Asistencia', 'Daños', 'Incendio', 'Invalidez', 'Responsabilidad', 'Robo', 'asistencia', 'daños', 'responsabilidad', 'robo']",[],['Allianz'],['Semirremolques'],[],"['accidente', 'allianz', 'anticipación', 'asegurador', 'asegurar', 'asistencia', 'automóvil', 'bien', 'camión', 'carga', 'carácter', 'caso', 'circulación', 'civil', 'cobertura', 'compañía', 'complementario', 'comunicar', 'conducción', 'conducir', 'conductor', 'consecuencia', 'contratación', 'contrato', 'convenio', 'corporal', 'cristal', 'daño', 'deber', 'dirección', 'do', 'entidad', 'euros', 'facilitar', 'fenómeno', 'formalización', 'garantía', 'indemnización', 'información', 'medio', 'mes', 'máximo', 'nacional', 'naturaleza', 'notificando él', 'obligatorio', 'oponer', 'pagar', 'pago', 'país', 'permiso', 'persona', 'plazo', 'prima', 'producir', 'producto', 'póliza', 'q', 'rc', 'reclamación', 'remolque', 'responsabilidad', 'retirado', 'riesgo', 'robo', 'rotura', 'seguro', 'semirremolqu', 'siniestro', 'situación', 'tipo', 'tomador', 'ue', 'vehículo', 'vencimiento']"
camion-tractor-basico-robo-ipid.pdf,data\processed\camion-tractor-basico-robo-ipid.txt,2025-05-05T17:15:54.948828,2025-05-05T17:15:54.948828,6307,6014,888,2025-05-05T17:35:19.053036,"['ALLIANZ', 'Allianz']","['Responsabilidad Civil', 'Responsabilidad civil', 'auto', 'automóvil']","['Accidente', 'Asistencia', 'DAÑOS', 'Daños', 'INCENDIO', 'Incendio', 'Invalidez', 'ROBO', 'Responsabilidad', 'Robo', 'asistencia', 'daños', 'responsabilidad', 'robo']",[],['Allianz'],['Semirremolques'],[],"['accesorio', 'accidente', 'allianz', 'anticipación', 'asegurador', 'asegurar', 'asistencia', 'automóvil', 'bien', 'camión', 'carga', 'carácter', 'caso', 'circulación', 'civil', 'cobertura', 'compañía', 'complementario', 'comunicar', 'conducción', 'conducir', 'conductor', 'consecuencia', 'contrato', 'convenio', 'corporal', 'cristal', 'daño', 'deber', 'dirección', 'do', 'entidad', 'euros', 'facilitar', 'fenómeno', 'formalización', 'garantía', 'incendio', 'indemnización', 'información', 'medio', 'mes', 'máximo', 'nacional', 'naturaleza', 'notificando él', 'obligatorio', 'oponer', 'pagar', 'pago', 'país', 'permiso', 'persona', 'plazo', 'prima', 'producir', 'producto', 'póliza', 'q', 'rc', 'reclamación', 'remolque', 'responsabilidad', 'retirado', 'riesgo', 'robo', 'rotura', 'seguro', 'semirremolqu', 'siniestro', 'situación', 'tipo', 'tomador', 'ue', 'valor', 'vehículo', 'vencimiento']"
camion-tractor-perdida-total-ipid.pdf,data\processed\camion-tractor-perdida-total-ipid.txt,2025-05-05T17:15:55.088874,2025-05-05T17:15:55.088874,6206,5909,887,2025-05-05T17:35:19.276593,"['ALLIANZ', 'Allianz']","['Responsabilidad Civil', 'Responsabilidad civil', 'auto', 'automóvil']","['Accidente', 'Asistencia', 'Daños', 'Incendio', 'Invalidez', 'Responsabilidad', 'Robo', 'asistencia', 'daños', 'responsabilidad', 'robo']",[],['Allianz'],['Semirremolques'],[],"['accesorio', 'accidente', 'allianz', 'anticipación', 'asegurador', 'asegurar', 'asistencia', 'automóvil', 'bien', 'camión', 'carga', 'carácter', 'caso', 'circulación', 'civil', 'cobertura', 'compañía', 'complementario', 'comunicar', 'conducción', 'conducir', 'conductor', 'consecuencia', 'contrato', 'convenio', 'corporal', 'cristal', 'daño', 'deber', 'dirección', 'do', 'entidad', 'euros', 'facilitar', 'fenómeno', 'formalización', 'garantía', 'incendio', 'indemnización', 'información', 'medio', 'mes', 'máximo', 'nacional', 'naturaleza', 'notificando él', 'obligatorio', 'oponer', 'pagar', 'pago', 'país', 'permiso', 'persona', 'plazo', 'prima', 'producir', 'producto', 'póliza', 'q', 'rc', 'reclamación', 'remolque', 'responsabilidad', 'retirado', 'riesgo', 'robo', 'rotura', 'seguro', 'semirremolqu', 'siniestro', 'situación', 'tipo', 'tomador', 'ue', 'valor', 'vehículo', 'vencimiento']"
camion-tractor-todo-riesgo-franquicia-ipid.pdf,data\processed\camion-tractor-todo-riesgo-franquicia-ipid.txt,2025-05-05T17:15:55.269738,2025-05-05T17:15:55.269738,6609,6311,953,2025-05-05T17:35:19.524946,"['ALLIANZ', 'Allianz']","['Responsabilidad Civil', 'Responsabilidad civil', 'auto', 'automóvil']","['Accidente', 'Asistencia', 'Daños', 'Incendio', 'Invalidez', 'Responsabilidad', 'Robo', 'asistencia', 'daños', 'responsabilidad', 'robo']",[],[],"['Producto', 'Semirremolques']",[],"['accesorio', 'accidente', 'allianz', 'anticipación', 'asegurador', 'asegurar', 'asistencia', 'automóvil', 'bien', 'c', 'camión', 'carga', 'carácter', 'caso', 'circulación', 'civil', 'cobertura', 'compañía', 'complementario', 'comunicar', 'conducción', 'conducir', 'conductor', 'conjunto', 'consecuencia', 'contrato', 'convenio', 'corporal', 'cristal', 'daño', 'deber', 'dirección', 'do', 'efecto', 'entidad', 'euros', 'facilitar', 'fenómeno', 'formalización', 'garantía', 'incendio', 'indemnización', 'información', 'medio', 'mes', 'máximo', 'nacional', 'naturaleza', 'notificando él', 'oberturo', 'obligatorio', 'oponer', 'pagar', 'pago', 'país', 'permiso', 'persona', 'plazo', 'prima', 'producir', 'producto', 'póliza', 'q', 'r', 'rc', 'reclamación', 'remolque', 'responsabilidad', 'retirado', 'riesgo', 'robo', 'rotura', 'seguro', 'semirremolqu', 'siniestro', 'situación', 'subsidio', 'tomador', 'ue', 'valor', 'vehículo', 'vencimiento']"
camion-tractor-todo-riesgo-ipid.pdf,data\processed\camion-tractor-todo-riesgo-ipid.txt,2025-05-05T17:15:55.435482,2025-05-05T17:15:55.435482,6468,6170,936,2025-05-05T17:35:19.776349,"['ALLIANZ', 'Allianz']","['Responsabilidad Civil', 'Responsabilidad civil', 'auto', 'automóvil']","['Accidente', 'Asistencia', 'Daños', 'Incendio', 'Invalidez', 'Responsabilidad', 'Robo', 'asistencia', 'daños', 'responsabilidad', 'robo']",[],[],"['Producto', 'Semirremolques']",[],"['accesorio', 'accidente', 'allianz', 'anticipación', 'asegurador', 'asegurar', 'asistencia', 'automóvil', 'bien', 'c', 'camión', 'carga', 'carácter', 'caso', 'circulación', 'civil', 'cobertura', 'compañía', 'complementario', 'comunicar', 'conducción', 'conducir', 'conductor', 'conjunto', 'consecuencia', 'contrato', 'convenio', 'corporal', 'cristal', 'daño', 'deber', 'dirección', 'do', 'efecto', 'entidad', 'euros', 'facilitar', 'fenómeno', 'formalización', 'garantía', 'incendio', 'indemnización', 'información', 'medio', 'mes', 'máximo', 'nacional', 'naturaleza', 'notificando él', 'oberturo', 'obligatorio', 'oponer', 'pagar', 'pago', 'país', 'permiso', 'persona', 'plazo', 'prima', 'producir', 'producto', 'póliza', 'q', 'r', 'rc', 'reclamación', 'remolque', 'responsabilidad', 'retirado', 'riesgo', 'robo', 'rotura', 'seguro', 'semirremolqu', 'siniestro', 'situación', 'subsidio', 'tomador', 'ue', 'valor', 'vehículo', 'vencimiento']"
ipid-ampliado.pdf,data\processed\ipid-ampliado.txt,2025-05-05T17:15:55.489369,2025-05-05T17:15:55.489369,5892,5662,835,2025-05-05T17:35:20.024818,['Allianz'],"['Salud', 'auto', 'salud', 'vida']","['Accidente', 'Asistencia', 'Fallecimiento', 'Invalidez', 'accidente', 'fallecimiento', 'invalidez']",['16-01-2019'],['Allianz'],"['Accidente', 'Cuadro Concertado']",[],"['absoluto', 'accidente', 'allianz', 'anticipación', 'anualidad', 'asegurado', 'asegurador', 'asegurar', 'año', 'capital', 'caso', 'circulación', 'cobertura', 'compañía', 'concertado', 'consecuencia', 'contrato', 'cuadro', 'cubierto', 'cumplir', 'deber', 'declaración', 'documento', 'duración', 'entidad', 'fallecimiento', 'hora', 'información', 'invalidez', 'medio', 'mes', 'máximo', 'nacional', 'notificar él', 'ocasionado', 'oponer', 'pago', 'permanente', 'plazo', 'prima', 'producir', 'producto', 'póliza', 'riesgo', 'salud', 'sanitario', 'seguro', 'siniestro', 'territorio', 'tipo', 'tomador', 'vencimiento', 'vigor', 'vuelo']"
ipid-basico.pdf,data\processed\ipid-basico.txt,2025-05-05T17:15:55.581611,2025-05-05T17:15:55.581611,5245,5041,763,2025-05-05T17:35:20.262529,['Allianz'],"['Salud', 'auto', 'salud', 'vida']","['Accidente', 'Fallecimiento', 'Invalidez', 'accidente', 'fallecimiento', 'invalidez']",['16-01-2019'],['Allianz'],['Accidente'],[],"['absoluto', 'accidente', 'anticipación', 'anualidad', 'asegurado', 'asegurador', 'asegurar', 'año', 'capital', 'caso', 'cobertura', 'compañía', 'consecuencia', 'contrato', 'cubierto', 'cumplir', 'deber', 'declaración', 'documento', 'duración', 'entidad', 'fallecimiento', 'hora', 'información', 'invalidez', 'medio', 'mes', 'máximo', 'notificar él', 'ocasionado', 'oponer', 'pago', 'permanente', 'plazo', 'prima', 'producir', 'producto', 'póliza', 'riesgo', 'salud', 'seguro', 'siniestro', 'tipo', 'tomador', 'vencimiento', 'vigor', 'vuelo']"
ipid-ciclomotor-seguro-basico.pdf,data\processed\ipid-ciclomotor-seguro-basico.txt,2025-05-05T17:15:55.643711,2025-05-05T17:15:55.659338,5029,4789,719,2025-05-05T17:35:20.448498,['Allianz'],"['Automóvil', 'Responsabilidad Civil', 'auto', 'automóvil']","['Accidente', 'Asistencia', 'Daños', 'Incendio', 'Invalidez', 'Responsabilidad', 'Robo', 'asistencia', 'daños', 'responsabilidad', 'robo']",['28-09-2018'],['Allianz'],[],[],"['allianz', 'anticipación', 'asegurado', 'asegurador', 'asegurar', 'asistencia', 'automóvil', 'año', 'bien', 'caso', 'civil', 'cobertura', 'compañía', 'complementario', 'comunicar', 'condición', 'conductor', 'consecuencia', 'contratación', 'contrato', 'convenio', 'daño', 'deber', 'dirección', 'documento', 'entidad', 'euros', 'facilitar', 'formalización', 'garantía', 'información', 'jurídico', 'medio', 'mes', 'notificar él', 'obligatorio', 'oponer', 'pagar', 'pago', 'país', 'persona', 'plazo', 'prima', 'producir', 'producto', 'póliza', 'responsabilidad', 'robo', 'seguro', 'siniestro', 'tipo', 'tomador', 'valor', 'vehículo', 'vencimiento']"
ipid-extra.pdf,data\processed\ipid-extra.txt,2025-05-05T17:15:55.756870,2025-05-05T17:15:55.758460,5618,5402,805,2025-05-05T17:35:20.645183,['Allianz'],"['Salud', 'auto', 'salud', 'vida']","['Accidente', 'Asistencia', 'Fallecimiento', 'Invalidez', 'accidente', 'fallecimiento', 'invalidez']",['16-01-2019'],['Allianz'],"['Accidente', 'Cuadro Concertado', 'Producto']",[],"['absoluto', 'accidente', 'allianz', 'anticipación', 'anualidad', 'asegurado', 'asegurador', 'asegurar', 'año', 'capital', 'caso', 'cobertura', 'compañía', 'concertado', 'consecuencia', 'contrato', 'cuadro', 'cubierto', 'cumplir', 'deber', 'declaración', 'documento', 'duración', 'entidad', 'fallecimiento', 'hora', 'información', 'invalidez', 'medio', 'mes', 'máximo', 'nacional', 'notificar él', 'ocasionado', 'oponer', 'pago', 'permanente', 'plazo', 'prima', 'producir', 'producto', 'póliza', 'riesgo', 'salud', 'sanitario', 'seguro', 'siniestro', 'territorio', 'tipo', 'tomador', 'vencimiento', 'vigor', 'vuelo']"
ipid-furgoneta-basico.pdf,data\processed\ipid-furgoneta-basico.txt,2025-05-05T17:15:55.840226,2025-05-05T17:15:55.842219,5948,5673,861,2025-05-05T17:35:20.839676,['Allianz'],"['Automóvil', 'Responsabilidad Civil', 'Responsabilidad civil', 'auto', 'automóvil']","['Accidente', 'Asistencia', 'Daños', 'Incendio', 'Invalidez', 'Responsabilidad', 'Robo', 'asistencia', 'daños', 'responsabilidad', 'robo']",['31-01-2020'],['Allianz'],[],[],"['anticipación', 'asegurado', 'asegurador', 'asegurar', 'asistencia', 'automóvil', 'bien', 'carga', 'caso', 'civil', 'cobertura', 'compañía', 'complementario', 'condición', 'conducir', 'conductor', 'consecuencia', 'contratación', 'contrato', 'convenio', 'cristal', 'daño', 'deber', 'dirección', 'documento', 'entidad', 'euros', 'formalización', 'garantía', 'indemnización', 'información', 'jurídico', 'medio', 'mes', 'modificación', 'multa', 'máximo', 'notificar él', 'obligatorio', 'oponer', 'pago', 'país', 'permiso', 'persona', 'plazo', 'prima', 'producir', 'producto', 'pérdida', 'póliza', 'responsabilidad', 'robo', 'rotura', 'seguro', 'siniestro', 'tipo', 'tomador', 'tráfico', 'técnico', 'valor', 'vehículo', 'vencimiento']"
ipid-furgoneta-perdida-total.pdf,data\processed\ipid-furgoneta-perdida-total.txt,2025-05-05T17:15:55.933583,2025-05-05T17:15:55.933583,6134,5850,887,2025-05-05T17:35:21.073736,['Allianz'],"['Automóvil', 'Responsabilidad Civil', 'Responsabilidad civil', 'auto', 'automóvil']","['Accidente', 'Asistencia', 'Daños', 'Incendio', 'Invalidez', 'Responsabilidad', 'Robo', 'asistencia', 'daños', 'responsabilidad', 'robo']",['31-01-2020'],['Allianz'],['Incendio'],[],"['accesorio', 'anticipación', 'asegurado', 'asegurador', 'asegurar', 'asistencia', 'automóvil', 'bien', 'carga', 'caso', 'civil', 'cobertura', 'compañía', 'complementario', 'condición', 'conducir', 'conductor', 'consecuencia', 'contratación', 'contrato', 'convenio', 'cristal', 'daño', 'deber', 'dirección', 'documento', 'entidad', 'euros', 'fenómeno', 'formalización', 'garantía', 'incendio', 'indemnización', 'información', 'jurídico', 'medio', 'mes', 'modificación', 'multa', 'máximo', 'notificar él', 'obligatorio', 'oponer', 'pago', 'país', 'permiso', 'persona', 'plazo', 'prima', 'producir', 'producto', 'pérdida', 'póliza', 'reposición', 'responsabilidad', 'robo', 'rotura', 'seguro', 'siniestro', 'tipo', 'tomador', 'tráfico', 'técnico', 'valor', 'vehículo', 'vencimiento']"
ipid-furgoneta-robo-incendio.pdf,data\processed\ipid-furgoneta-robo-incendio.txt,2025-05-05T17:15:56.036029,2025-05-05T17:15:56.037029,6134,5851,887,2025-05-05T17:35:21.288658,['Allianz'],"['Automóvil', 'Responsabilidad Civil', 'Responsabilidad civil', 'auto', 'automóvil']","['Accidente', 'Asistencia', 'Daños', 'Incendio', 'Invalidez', 'Responsabilidad', 'Robo', 'asistencia', 'daños', 'responsabilidad', 'robo']",['31-01-2020'],['Allianz'],['Incendio'],[],"['accesorio', 'anticipación', 'asegurado', 'asegurador', 'asegurar', 'asistencia', 'automóvil', 'bien', 'carga', 'caso', 'civil', 'cobertura', 'compañía', 'complementario', 'condición', 'conducir', 'conductor', 'consecuencia', 'contratación', 'contrato', 'convenio', 'cristal', 'daño', 'deber', 'dirección', 'documento', 'entidad', 'euros', 'fenómeno', 'formalización', 'garantía', 'incendio', 'indemnización', 'información', 'jurídico', 'medio', 'mes', 'modificación', 'multa', 'máximo', 'notificar él', 'obligatorio', 'oponer', 'pago', 'país', 'permiso', 'persona', 'plazo', 'prima', 'producir', 'producto', 'pérdida', 'póliza', 'reposición', 'responsabilidad', 'robar', 'robo', 'rotura', 'seguro', 'siniestro', 'tipo', 'tomador', 'tráfico', 'técnico', 'valor', 'vehículo', 'vencimiento']"
ipid-furgoneta-td-sin-franquicia.pdf,data\processed\ipid-furgoneta-td-sin-franquicia.txt,2025-05-05T17:15:56.167286,2025-05-05T17:15:56.167286,6493,6190,935,2025-05-05T17:35:21.518009,['Allianz'],"['Automóvil', 'Responsabilidad Civil', 'Responsabilidad civil', 'auto', 'automóvil']","['Accidente', 'Asistencia', 'Daños', 'Incendio', 'Invalidez', 'Responsabilidad', 'Robo', 'asistencia', 'daños', 'responsabilidad', 'robo']",['31-01-2020'],['Allianz'],['Incendio'],[],"['accesorio', 'accidental', 'anticipación', 'asegurado', 'asegurador', 'asegurar', 'asistencia', 'automóvil', 'bien', 'carga', 'caso', 'civil', 'cobertura', 'compañía', 'complementario', 'condición', 'conducir', 'conductor', 'consecuencia', 'contratación', 'contrato', 'convenio', 'cristal', 'daño', 'deber', 'dirección', 'documento', 'entidad', 'euros', 'fenómeno', 'formalización', 'franquicia', 'garantía', 'incendio', 'indemnización', 'información', 'jurídico', 'material', 'medio', 'mes', 'modificación', 'multa', 'máximo', 'notificar él', 'obligatorio', 'oponer', 'pago', 'país', 'permiso', 'persona', 'plazo', 'prima', 'producir', 'producto', 'pérdida', 'póliza', 'reparación', 'reposición', 'responsabilidad', 'riesgo', 'robo', 'rotura', 'seguro', 'siniestro', 'tipo', 'tomador', 'tráfico', 'técnico', 'valor', 'vehículo', 'vencimiento']"
ipid-moto-perdida-total.pdf,data\processed\ipid-moto-perdida-total.txt,2025-05-05T17:15:56.267964,2025-05-05T17:15:56.267964,5336,5077,765,2025-05-05T17:35:21.767520,['Allianz'],"['Automóvil', 'Responsabilidad Civil', 'auto', 'automóvil']","['Accidente', 'Asistencia', 'Daños', 'Incendio', 'Invalidez', 'Responsabilidad', 'Robo', 'asistencia', 'daños', 'responsabilidad', 'robo']",['28-09-2018'],['Allianz'],[],[],"['allianz', 'anticipación', 'asegurado', 'asegurador', 'asegurar', 'automóvil', 'año', 'bien', 'caso', 'civil', 'cobertura', 'compañía', 'complementario', 'comunicar', 'condición', 'conducir', 'conductor', 'consecuencia', 'contratación', 'contrato', 'convenio', 'daño', 'deber', 'dirección', 'documento', 'efecto', 'entidad', 'euros', 'facilitar', 'formalización', 'garantía', 'incendio', 'información', 'jurídico', 'medio', 'mes', 'naturaleza', 'notificar él', 'obligatorio', 'oponer', 'pagar', 'pago', 'país', 'permiso', 'persona', 'plazo', 'prima', 'producir', 'producto', 'pérdida', 'póliza', 'responsabilidad', 'robo', 'seguro', 'siniestro', 'tipo', 'tomador', 'valor', 'vehículo', 'vencimiento', 'vigencia']"
ipid-moto-robo.pdf,data\processed\ipid-moto-robo.txt,2025-05-05T17:15:56.332353,2025-05-05T17:15:56.332353,5331,5074,765,2025-05-05T17:35:21.956550,['Allianz'],"['Automóvil', 'Responsabilidad Civil', 'auto', 'automóvil']","['Accidente', 'Asistencia', 'Daños', 'Incendio', 'Invalidez', 'Responsabilidad', 'Robo', 'asistencia', 'daños', 'responsabilidad', 'robo']",['28-09-2018'],['Allianz'],[],[],"['allianz', 'anticipación', 'asegurado', 'asegurador', 'asegurar', 'automóvil', 'año', 'bien', 'caso', 'civil', 'cobertura', 'compañía', 'complementario', 'comunicar', 'condición', 'conducir', 'conductor', 'consecuencia', 'contratación', 'contrato', 'convenio', 'daño', 'deber', 'dirección', 'documento', 'efecto', 'entidad', 'euros', 'facilitar', 'formalización', 'garantía', 'incendio', 'información', 'jurídico', 'medio', 'mes', 'naturaleza', 'notificar él', 'obligatorio', 'oponer', 'pagar', 'pago', 'país', 'permiso', 'persona', 'plazo', 'prima', 'producir', 'producto', 'pérdida', 'póliza', 'responsabilidad', 'robo', 'seguro', 'siniestro', 'tipo', 'tomador', 'valor', 'vehículo', 'vencimiento', 'vigencia']"
ipid-moto-seguro-basico.pdf,data\processed\ipid-moto-seguro-basico.txt,2025-05-05T17:15:56.449229,2025-05-05T17:15:56.449655,5327,5069,764,2025-05-05T17:35:22.166100,['Allianz'],"['Automóvil', 'Responsabilidad Civil', 'auto', 'automóvil']","['Accidente', 'Asistencia', 'Daños', 'Incendio', 'Invalidez', 'Responsabilidad', 'Robo', 'asistencia', 'daños', 'responsabilidad', 'robo']",['28-09-2018'],['Allianz'],[],[],"['allianz', 'anticipación', 'asegurado', 'asegurador', 'asegurar', 'automóvil', 'año', 'bien', 'caso', 'civil', 'cobertura', 'compañía', 'complementario', 'comunicar', 'condición', 'conducir', 'conductor', 'consecuencia', 'contratación', 'contrato', 'convenio', 'daño', 'deber', 'dirección', 'documento', 'efecto', 'entidad', 'euros', 'facilitar', 'formalización', 'garantía', 'incendio', 'información', 'jurídico', 'medio', 'mes', 'naturaleza', 'notificar él', 'obligatorio', 'oponer', 'pagar', 'pago', 'país', 'permiso', 'persona', 'plazo', 'prima', 'producir', 'producto', 'pérdida', 'póliza', 'responsabilidad', 'robo', 'seguro', 'siniestro', 'tipo', 'tomador', 'valor', 'vehículo', 'vencimiento', 'vigencia']"
ipid-moto-seguro-franquicia.pdf,data\processed\ipid-moto-seguro-franquicia.txt,2025-05-05T17:15:56.539397,2025-05-05T17:15:56.539397,5338,5081,765,2025-05-05T17:35:22.369800,['Allianz'],"['Automóvil', 'Responsabilidad Civil', 'auto', 'automóvil']","['Accidente', 'Asistencia', 'Daños', 'Incendio', 'Invalidez', 'Responsabilidad', 'Robo', 'asistencia', 'daños', 'responsabilidad', 'robo']",['01-10-2018'],['Allianz'],[],[],"['allianz', 'anticipación', 'asegurado', 'asegurador', 'asegurar', 'automóvil', 'año', 'bien', 'caso', 'civil', 'cobertura', 'compañía', 'complementario', 'comunicar', 'condición', 'conducir', 'conductor', 'consecuencia', 'contratación', 'contrato', 'convenio', 'daño', 'deber', 'dirección', 'documento', 'efecto', 'entidad', 'euros', 'facilitar', 'formalización', 'garantía', 'incendio', 'información', 'jurídico', 'medio', 'mes', 'naturaleza', 'notificar él', 'obligatorio', 'oponer', 'pagar', 'pago', 'país', 'permiso', 'persona', 'plazo', 'prima', 'producir', 'producto', 'pérdida', 'póliza', 'responsabilidad', 'riesgo', 'robo', 'seguro', 'siniestro', 'tipo', 'tomador', 'valor', 'vehículo', 'vencimiento', 'vigencia']"
ipid-moto-todo-riesgo-sin-franquicia.pdf,data\processed\ipid-moto-todo-riesgo-sin-franquicia.txt,2025-05-05T17:15:56.726406,2025-05-05T17:15:56.726406,5327,5070,764,2025-05-05T17:35:22.573811,['Allianz'],"['Automóvil', 'Responsabilidad Civil', 'auto', 'automóvil']","['Accidente', 'Asistencia', 'Daños', 'Incendio', 'Invalidez', 'Responsabilidad', 'Robo', 'asistencia', 'daños', 'responsabilidad', 'robo']",['28-09-2018'],['Allianz'],[],[],"['allianz', 'anticipación', 'asegurado', 'asegurador', 'asegurar', 'automóvil', 'año', 'bien', 'caso', 'civil', 'cobertura', 'compañía', 'complementario', 'comunicar', 'condición', 'conducir', 'conductor', 'consecuencia', 'contratación', 'contrato', 'convenio', 'daño', 'deber', 'dirección', 'documento', 'efecto', 'entidad', 'euros', 'facilitar', 'formalización', 'garantía', 'incendio', 'información', 'jurídico', 'medio', 'mes', 'naturaleza', 'notificar él', 'obligatorio', 'oponer', 'pagar', 'pago', 'país', 'permiso', 'persona', 'plazo', 'prima', 'producir', 'producto', 'pérdida', 'póliza', 'responsabilidad', 'riesgo', 'robo', 'seguro', 'siniestro', 'tipo', 'tomador', 'valor', 'vehículo', 'vencimiento', 'vigencia']"
ipid-optimo.pdf,data\processed\ipid-optimo.txt,2025-05-05T17:15:56.802367,2025-05-05T17:15:56.802367,5514,5297,792,2025-05-05T17:35:22.761637,['Allianz'],"['Salud', 'auto', 'salud', 'vida']","['Accidente', 'Fallecimiento', 'Invalidez', 'accidente', 'fallecimiento', 'invalidez']",['16-01-2019'],['Allianz'],"['Accidente', 'Producto']",[],"['absoluto', 'accidente', 'anticipación', 'anualidad', 'asegurado', 'asegurador', 'asegurar', 'año', 'capital', 'caso', 'circulación', 'cobertura', 'compañía', 'consecuencia', 'contrato', 'cubierto', 'cumplir', 'deber', 'declaración', 'documento', 'duración', 'entidad', 'fallecimiento', 'hora', 'información', 'invalidez', 'medio', 'mes', 'máximo', 'notificar él', 'ocasionado', 'oponer', 'pago', 'permanente', 'plazo', 'prima', 'producir', 'producto', 'póliza', 'riesgo', 'salud', 'seguro', 'siniestro', 'tipo', 'tomador', 'vencimiento', 'vigor', 'vuelo']"
ipid-tr-con-franquicia.pdf,data\processed\ipid-tr-con-franquicia.txt,2025-05-05T17:15:56.870577,2025-05-05T17:15:56.870577,6532,6227,942,2025-05-05T17:35:22.964118,['Allianz'],"['Automóvil', 'Responsabilidad Civil', 'Responsabilidad civil', 'auto', 'automóvil']","['Accidente', 'Asistencia', 'Daños', 'Incendio', 'Invalidez', 'Responsabilidad', 'Robo', 'asistencia', 'daños', 'responsabilidad', 'robo']",['31-01-2020'],['Allianz'],['Incendio'],[],"['accesorio', 'accidental', 'anticipación', 'asegurado', 'asegurador', 'asegurar', 'asistencia', 'automóvil', 'año', 'bien', 'carga', 'caso', 'civil', 'cobertura', 'compañía', 'complementario', 'condición', 'conducir', 'conductor', 'consecuencia', 'contratación', 'contrato', 'convenio', 'cristal', 'daño', 'deber', 'dirección', 'documento', 'entidad', 'euros', 'fenómeno', 'formalización', 'franquicia', 'garantía', 'incendio', 'indemnización', 'información', 'jurídico', 'material', 'medio', 'mes', 'modificación', 'multa', 'máximo', 'notificar él', 'obligatorio', 'oponer', 'pago', 'país', 'permiso', 'persona', 'plazo', 'prima', 'producir', 'producto', 'pérdida', 'póliza', 'reparación', 'reposición', 'responsabilidad', 'riesgo', 'robo', 'rotura', 'seguro', 'siniestro', 'tipo', 'tomador', 'tráfico', 'técnico', 'valor', 'vehículo', 'vencimiento']"
maquinaria-basico-ipid.pdf,data\processed\maquinaria-basico-ipid.txt,2025-05-05T17:15:56.995215,2025-05-05T17:15:56.995215,5175,4934,743,2025-05-05T17:35:23.215086,"['ALLIANZ', 'Allianz']","['Responsabilidad Civil', 'auto', 'automóvil']","['Accidente', 'Daños', 'Incendio', 'Invalidez', 'Responsabilidad', 'Robo', 'daños', 'responsabilidad', 'robo']",[],[],['Producto'],[],"['allianz', 'anticipación', 'asegurador', 'asegurar', 'bien', 'c', 'carácter', 'caso', 'circulación', 'civil', 'cobertura', 'compañía', 'complementario', 'comunicar', 'conducción', 'conductor', 'consecuencia', 'contrato', 'convenio', 'daño', 'deber', 'dirección', 'do', 'entidad', 'euros', 'explotación', 'facilitar', 'fenómeno', 'formalización', 'indemnización', 'información', 'medio', 'mes', 'máximo', 'nacional', 'naturaleza', 'notificando él', 'oberturo', 'obligatorio', 'oponer', 'pagar', 'pago', 'país', 'persona', 'plazo', 'prima', 'producir', 'producto', 'póliza', 'q', 'r', 'reclamación', 'responsabilidad', 'riesgo', 'seguro', 'siniestro', 'situación', 'tomador', 'ue', 'vehículo', 'vencimiento']"
maquinaria-terceros-ipid.pdf,data\processed\maquinaria-terceros-ipid.txt,2025-05-05T17:15:57.105375,2025-05-05T17:15:57.105375,4874,4657,711,2025-05-05T17:35:23.401910,"['ALLIANZ', 'Allianz']","['Responsabilidad Civil', 'auto', 'automóvil']","['Daños', 'Incendio', 'Responsabilidad', 'Robo', 'daños', 'responsabilidad', 'robo']",[],[],['Producto'],[],"['allianz', 'anticipación', 'asegurador', 'asegurar', 'bien', 'c', 'carácter', 'caso', 'circulación', 'civil', 'cobertura', 'compañía', 'complementario', 'comunicar', 'conducción', 'consecuencia', 'contrato', 'convenio', 'daño', 'deber', 'dirección', 'do', 'entidad', 'euros', 'facilitar', 'fenómeno', 'formalización', 'indemnización', 'información', 'medio', 'mes', 'máximo', 'nacional', 'naturaleza', 'notificando él', 'oberturo', 'obligatorio', 'oponer', 'pagar', 'pago', 'país', 'persona', 'plazo', 'prima', 'producir', 'producto', 'póliza', 'q', 'r', 'reclamación', 'responsabilidad', 'riesgo', 'seguro', 'siniestro', 'situación', 'tomador', 'ue', 'vehículo', 'vencimiento']"
remolque-basico-ipid.pdf,data\processed\remolque-basico-ipid.txt,2025-05-05T17:15:57.292053,2025-05-05T17:15:57.292053,5977,5699,851,2025-05-05T17:35:23.588967,"['ALLIANZ', 'Allianz']","['Responsabilidad Civil', 'Responsabilidad civil', 'auto', 'automóvil']","['Accidente', 'Asistencia', 'Daños', 'Incendio', 'Invalidez', 'Responsabilidad', 'Robo', 'asistencia', 'daños', 'responsabilidad', 'robo']",[],['Allianz'],['Semirremolques'],[],"['accidente', 'allianz', 'anticipación', 'asegurador', 'asegurar', 'asistencia', 'automóvil', 'bien', 'camión', 'carga', 'carácter', 'caso', 'circulación', 'civil', 'cobertura', 'compañía', 'complementario', 'comunicar', 'conducción', 'conducir', 'conductor', 'consecuencia', 'contratación', 'contrato', 'convenio', 'corporal', 'cristal', 'daño', 'deber', 'dirección', 'do', 'entidad', 'euros', 'facilitar', 'fenómeno', 'formalización', 'garantía', 'indemnización', 'información', 'medio', 'mes', 'máximo', 'nacional', 'naturaleza', 'notificando él', 'obligatorio', 'oponer', 'pagar', 'pago', 'país', 'permiso', 'persona', 'plazo', 'prima', 'producir', 'producto', 'póliza', 'q', 'rc', 'reclamación', 'remolque', 'responsabilidad', 'retirado', 'riesgo', 'robo', 'rotura', 'seguro', 'semirremolqu', 'siniestro', 'situación', 'tipo', 'tomador', 'ue', 'vehículo', 'vencimiento']"
remolque-basico-robo-ipid.pdf,data\processed\remolque-basico-robo-ipid.txt,2025-05-05T17:15:57.453678,2025-05-05T17:15:57.453678,6307,6014,888,2025-05-05T17:35:23.808159,"['ALLIANZ', 'Allianz']","['Responsabilidad Civil', 'Responsabilidad civil', 'auto', 'automóvil']","['Accidente', 'Asistencia', 'DAÑOS', 'Daños', 'INCENDIO', 'Incendio', 'Invalidez', 'ROBO', 'Responsabilidad', 'Robo', 'asistencia', 'daños', 'responsabilidad', 'robo']",[],['Allianz'],['Semirremolques'],[],"['accesorio', 'accidente', 'allianz', 'anticipación', 'asegurador', 'asegurar', 'asistencia', 'automóvil', 'bien', 'camión', 'carga', 'carácter', 'caso', 'circulación', 'civil', 'cobertura', 'compañía', 'complementario', 'comunicar', 'conducción', 'conducir', 'conductor', 'consecuencia', 'contrato', 'convenio', 'corporal', 'cristal', 'daño', 'deber', 'dirección', 'do', 'entidad', 'euros', 'facilitar', 'fenómeno', 'formalización', 'garantía', 'incendio', 'indemnización', 'información', 'medio', 'mes', 'máximo', 'nacional', 'naturaleza', 'notificando él', 'obligatorio', 'oponer', 'pagar', 'pago', 'país', 'permiso', 'persona', 'plazo', 'prima', 'producir', 'producto', 'póliza', 'q', 'rc', 'reclamación', 'remolque', 'responsabilidad', 'retirado', 'riesgo', 'robo', 'rotura', 'seguro', 'semirremolqu', 'siniestro', 'situación', 'tipo', 'tomador', 'ue', 'valor', 'vehículo', 'vencimiento']"
remolque-perdida-total-ipid.pdf,data\processed\remolque-perdida-total-ipid.txt,2025-05-05T17:15:57.588348,2025-05-05T17:15:57.588348,6206,5909,887,2025-05-05T17:35:24.056092,"['ALLIANZ', 'Allianz']","['Responsabilidad Civil', 'Responsabilidad civil', 'auto', 'automóvil']","['Accidente', 'Asistencia', 'Daños', 'Incendio', 'Invalidez', 'Responsabilidad', 'Robo', 'asistencia', 'daños', 'responsabilidad', 'robo']",[],['Allianz'],['Semirremolques'],[],"['accesorio', 'accidente', 'allianz', 'anticipación', 'asegurador', 'asegurar', 'asistencia', 'automóvil', 'bien', 'camión', 'carga', 'carácter', 'caso', 'circulación', 'civil', 'cobertura', 'compañía', 'complementario', 'comunicar', 'conducción', 'conducir', 'conductor', 'consecuencia', 'contrato', 'convenio', 'corporal', 'cristal', 'daño', 'deber', 'dirección', 'do', 'entidad', 'euros', 'facilitar', 'fenómeno', 'formalización', 'garantía', 'incendio', 'indemnización', 'información', 'medio', 'mes', 'máximo', 'nacional', 'naturaleza', 'notificando él', 'obligatorio', 'oponer', 'pagar', 'pago', 'país', 'permiso', 'persona', 'plazo', 'prima', 'producir', 'producto', 'póliza', 'q', 'rc', 'reclamación', 'remolque', 'responsabilidad', 'retirado', 'riesgo', 'robo', 'rotura', 'seguro', 'semirremolqu', 'siniestro', 'situación', 'tipo', 'tomador', 'ue', 'valor', 'vehículo', 'vencimiento']"
remolque-todo-riesgo-franquicia-ipid.pdf,data\processed\remolque-todo-riesgo-franquicia-ipid.txt,2025-05-05T17:15:57.718514,2025-05-05T17:15:57.718514,6609,6311,953,2025-05-05T17:35:24.286821,"['ALLIANZ', 'Allianz']","['Responsabilidad Civil', 'Responsabilidad civil', 'auto', 'automóvil']","['Accidente', 'Asistencia', 'Daños', 'Incendio', 'Invalidez', 'Responsabilidad', 'Robo', 'asistencia', 'daños', 'responsabilidad', 'robo']",[],[],"['Producto', 'Semirremolques']",[],"['accesorio', 'accidente', 'allianz', 'anticipación', 'asegurador', 'asegurar', 'asistencia', 'automóvil', 'bien', 'c', 'camión', 'carga', 'carácter', 'caso', 'circulación', 'civil', 'cobertura', 'compañía', 'complementario', 'comunicar', 'conducción', 'conducir', 'conductor', 'conjunto', 'consecuencia', 'contrato', 'convenio', 'corporal', 'cristal', 'daño', 'deber', 'dirección', 'do', 'efecto', 'entidad', 'euros', 'facilitar', 'fenómeno', 'formalización', 'garantía', 'incendio', 'indemnización', 'información', 'medio', 'mes', 'máximo', 'nacional', 'naturaleza', 'notificando él', 'oberturo', 'obligatorio', 'oponer', 'pagar', 'pago', 'país', 'permiso', 'persona', 'plazo', 'prima', 'producir', 'producto', 'póliza', 'q', 'r', 'rc', 'reclamación', 'remolque', 'responsabilidad', 'retirado', 'riesgo', 'robo', 'rotura', 'seguro', 'semirremolqu', 'siniestro', 'situación', 'subsidio', 'tomador', 'ue', 'valor', 'vehículo', 'vencimiento']"
remolque-todo-riesgo-ipid.pdf,data\processed\remolque-todo-riesgo-ipid.txt,2025-05-05T17:15:57.889747,2025-05-05T17:15:57.890637,6468,6170,936,2025-05-05T17:35:24.537455,"['ALLIANZ', 'Allianz']","['Responsabilidad Civil', 'Responsabilidad civil', 'auto', 'automóvil']","['Accidente', 'Asistencia', 'Daños', 'Incendio', 'Invalidez', 'Responsabilidad', 'Robo', 'asistencia', 'daños', 'responsabilidad', 'robo']",[],[],"['Producto', 'Semirremolques']",[],"['accesorio', 'accidente', 'allianz', 'anticipación', 'asegurador', 'asegurar', 'asistencia', 'automóvil', 'bien', 'c', 'camión', 'carga', 'carácter', 'caso', 'circulación', 'civil', 'cobertura', 'compañía', 'complementario', 'comunicar', 'conducción', 'conducir', 'conductor', 'conjunto', 'consecuencia', 'contrato', 'convenio', 'corporal', 'cristal', 'daño', 'deber', 'dirección', 'do', 'efecto', 'entidad', 'euros', 'facilitar', 'fenómeno', 'formalización', 'garantía', 'incendio', 'indemnización', 'información', 'medio', 'mes', 'máximo', 'nacional', 'naturaleza', 'notificando él', 'oberturo', 'obligatorio', 'oponer', 'pagar', 'pago', 'país', 'permiso', 'persona', 'plazo', 'prima', 'producir', 'producto', 'póliza', 'q', 'r', 'rc', 'reclamación', 'remolque', 'responsabilidad', 'retirado', 'riesgo', 'robo', 'rotura', 'seguro', 'semirremolqu', 'siniestro', 'situación', 'subsidio', 'tomador', 'ue', 'valor', 'vehículo', 'vencimiento']"
semirremolque-basico-ipid.pdf,data\processed\semirremolque-basico-ipid.txt,2025-05-05T17:15:58.179327,2025-05-05T17:15:58.179327,5977,5699,851,2025-05-05T17:35:24.776983,"['ALLIANZ', 'Allianz']","['Responsabilidad Civil', 'Responsabilidad civil', 'auto', 'automóvil']","['Accidente', 'Asistencia', 'Daños', 'Incendio', 'Invalidez', 'Responsabilidad', 'Robo', 'asistencia', 'daños', 'responsabilidad', 'robo']",[],['Allianz'],['Semirremolques'],[],"['accidente', 'allianz', 'anticipación', 'asegurador', 'asegurar', 'asistencia', 'automóvil', 'bien', 'camión', 'carga', 'carácter', 'caso', 'circulación', 'civil', 'cobertura', 'compañía', 'complementario', 'comunicar', 'conducción', 'conducir', 'conductor', 'consecuencia', 'contratación', 'contrato', 'convenio', 'corporal', 'cristal', 'daño', 'deber', 'dirección', 'do', 'entidad', 'euros', 'facilitar', 'fenómeno', 'formalización', 'garantía', 'indemnización', 'información', 'medio', 'mes', 'máximo', 'nacional', 'naturaleza', 'notificando él', 'obligatorio', 'oponer', 'pagar', 'pago', 'país', 'permiso', 'persona', 'plazo', 'prima', 'producir', 'producto', 'póliza', 'q', 'rc', 'reclamación', 'remolque', 'responsabilidad', 'retirado', 'riesgo', 'robo', 'rotura', 'seguro', 'semirremolqu', 'siniestro', 'situación', 'tipo', 'tomador', 'ue', 'vehículo', 'vencimiento']"
semirremolque-basico-robo-ipid.pdf,data\processed\semirremolque-basico-robo-ipid.txt,2025-05-05T17:15:58.308092,2025-05-05T17:15:58.308092,6307,6014,888,2025-05-05T17:35:25.008844,"['ALLIANZ', 'Allianz']","['Responsabilidad Civil', 'Responsabilidad civil', 'auto', 'automóvil']","['Accidente', 'Asistencia', 'DAÑOS', 'Daños', 'INCENDIO', 'Incendio', 'Invalidez', 'ROBO', 'Responsabilidad', 'Robo', 'asistencia', 'daños', 'responsabilidad', 'robo']",[],['Allianz'],['Semirremolques'],[],"['accesorio', 'accidente', 'allianz', 'anticipación', 'asegurador', 'asegurar', 'asistencia', 'automóvil', 'bien', 'camión', 'carga', 'carácter', 'caso', 'circulación', 'civil', 'cobertura', 'compañía', 'complementario', 'comunicar', 'conducción', 'conducir', 'conductor', 'consecuencia', 'contrato', 'convenio', 'corporal', 'cristal', 'daño', 'deber', 'dirección', 'do', 'entidad', 'euros', 'facilitar', 'fenómeno', 'formalización', 'garantía', 'incendio', 'indemnización', 'información', 'medio', 'mes', 'máximo', 'nacional', 'naturaleza', 'notificando él', 'obligatorio', 'oponer', 'pagar', 'pago', 'país', 'permiso', 'persona', 'plazo', 'prima', 'producir', 'producto', 'póliza', 'q', 'rc', 'reclamación', 'remolque', 'responsabilidad', 'retirado', 'riesgo', 'robo', 'rotura', 'seguro', 'semirremolqu', 'siniestro', 'situación', 'tipo', 'tomador', 'ue', 'valor', 'vehículo', 'vencimiento']"
semirremolque-perdida-total-ipid.pdf,data\processed\semirremolque-perdida-total-ipid.txt,2025-05-05T17:15:58.480788,2025-05-05T17:15:58.481811,6206,5909,887,2025-05-05T17:35:25.245892,"['ALLIANZ', 'Allianz']","['Responsabilidad Civil', 'Responsabilidad civil', 'auto', 'automóvil']","['Accidente', 'Asistencia', 'Daños', 'Incendio', 'Invalidez', 'Responsabilidad', 'Robo', 'asistencia', 'daños', 'responsabilidad', 'robo']",[],['Allianz'],['Semirremolques'],[],"['accesorio', 'accidente', 'allianz', 'anticipación', 'asegurador', 'asegurar', 'asistencia', 'automóvil', 'bien', 'camión', 'carga', 'carácter', 'caso', 'circulación', 'civil', 'cobertura', 'compañía', 'complementario', 'comunicar', 'conducción', 'conducir', 'conductor', 'consecuencia', 'contrato', 'convenio', 'corporal', 'cristal', 'daño', 'deber', 'dirección', 'do', 'entidad', 'euros', 'facilitar', 'fenómeno', 'formalización', 'garantía', 'incendio', 'indemnización', 'información', 'medio', 'mes', 'máximo', 'nacional', 'naturaleza', 'notificando él', 'obligatorio', 'oponer', 'pagar', 'pago', 'país', 'permiso', 'persona', 'plazo', 'prima', 'producir', 'producto', 'póliza', 'q', 'rc', 'reclamación', 'remolque', 'responsabilidad', 'retirado', 'riesgo', 'robo', 'rotura', 'seguro', 'semirremolqu', 'siniestro', 'situación', 'tipo', 'tomador', 'ue', 'valor', 'vehículo', 'vencimiento']"
semirremolque-todo-riesgo-franquicia-ipid.pdf,data\processed\semirremolque-todo-riesgo-franquicia-ipid.txt,2025-05-05T17:15:58.661516,2025-05-05T17:15:58.662348,6609,6311,953,2025-05-05T17:35:25.463166,"['ALLIANZ', 'Allianz']","['Responsabilidad Civil', 'Responsabilidad civil', 'auto', 'automóvil']","['Accidente', 'Asistencia', 'Daños', 'Incendio', 'Invalidez', 'Responsabilidad', 'Robo', 'asistencia', 'daños', 'responsabilidad', 'robo']",[],[],"['Producto', 'Semirremolques']",[],"['accesorio', 'accidente', 'allianz', 'anticipación', 'asegurador', 'asegurar', 'asistencia', 'automóvil', 'bien', 'c', 'camión', 'carga', 'carácter', 'caso', 'circulación', 'civil', 'cobertura', 'compañía', 'complementario', 'comunicar', 'conducción', 'conducir', 'conductor', 'conjunto', 'consecuencia', 'contrato', 'convenio', 'corporal', 'cristal', 'daño', 'deber', 'dirección', 'do', 'efecto', 'entidad', 'euros', 'facilitar', 'fenómeno', 'formalización', 'garantía', 'incendio', 'indemnización', 'información', 'medio', 'mes', 'máximo', 'nacional', 'naturaleza', 'notificando él', 'oberturo', 'obligatorio', 'oponer', 'pagar', 'pago', 'país', 'permiso', 'persona', 'plazo', 'prima', 'producir', 'producto', 'póliza', 'q', 'r', 'rc', 'reclamación', 'remolque', 'responsabilidad', 'retirado', 'riesgo', 'robo', 'rotura', 'seguro', 'semirremolqu', 'siniestro', 'situación', 'subsidio', 'tomador', 'ue', 'valor', 'vehículo', 'vencimiento']"
semirremolque-todo-riesgo-ipid.pdf,data\processed\semirremolque-todo-riesgo-ipid.txt,2025-05-05T17:15:58.812126,2025-05-05T17:15:58.812126,6468,6170,936,2025-05-05T17:35:25.729721,"['ALLIANZ', 'Allianz']","['Responsabilidad Civil', 'Responsabilidad civil', 'auto', 'automóvil']","['Accidente', 'Asistencia', 'Daños', 'Incendio', 'Invalidez', 'Responsabilidad', 'Robo', 'asistencia', 'daños', 'responsabilidad', 'robo']",[],[],"['Producto', 'Semirremolques']",[],"['accesorio', 'accidente', 'allianz', 'anticipación', 'asegurador', 'asegurar', 'asistencia', 'automóvil', 'bien', 'c', 'camión', 'carga', 'carácter', 'caso', 'circulación', 'civil', 'cobertura', 'compañía', 'complementario', 'comunicar', 'conducción', 'conducir', 'conductor', 'conjunto', 'consecuencia', 'contrato', 'convenio', 'corporal', 'cristal', 'daño', 'deber', 'dirección', 'do', 'efecto', 'entidad', 'euros', 'facilitar', 'fenómeno', 'formalización', 'garantía', 'incendio', 'indemnización', 'información', 'medio', 'mes', 'máximo', 'nacional', 'naturaleza', 'notificando él', 'oberturo', 'obligatorio', 'oponer', 'pagar', 'pago', 'país', 'permiso', 'persona', 'plazo', 'prima', 'producir', 'producto', 'póliza', 'q', 'r', 'rc', 'reclamación', 'remolque', 'responsabilidad', 'retirado', 'riesgo', 'robo', 'rotura', 'seguro', 'semirremolqu', 'siniestro', 'situación', 'subsidio', 'tomador', 'ue', 'valor', 'vehículo', 'vencimiento']"
turismo-comercial-basico-ipid.pdf,data\processed\turismo-comercial-basico-ipid.txt,2025-05-05T17:15:58.949044,2025-05-05T17:15:58.949044,5949,5670,858,2025-05-05T17:35:25.980839,"['ALLIANZ', 'Allianz']","['Responsabilidad Civil', 'auto', 'automóvil']","['Accidente', 'Asistencia', 'Daños', 'Incendio', 'Invalidez', 'Responsabilidad', 'Robo', 'asistencia', 'daños', 'responsabilidad', 'robo']",[],[],['Producto'],[],"['allianz', 'anticipación', 'asegurador', 'asegurar', 'asistencia', 'automóvil', 'bien', 'c', 'carga', 'carácter', 'caso', 'circulación', 'civil', 'cobertura', 'compañía', 'complementario', 'comunicar', 'conducción', 'conducir', 'conductor', 'consecuencia', 'contrato', 'convenio', 'daño', 'deber', 'dirección', 'do', 'entidad', 'euros', 'facilitar', 'fenómeno', 'formalización', 'garantía', 'indemnización', 'información', 'medio', 'mes', 'máximo', 'nacional', 'naturaleza', 'notificando él', 'oberturo', 'obligatorio', 'oponer', 'pagar', 'pago', 'país', 'permiso', 'persona', 'plazo', 'prima', 'producir', 'producto', 'propietario', 'póliza', 'q', 'r', 'rc', 'reclamación', 'responsabilidad', 'retirado', 'riesgo', 'robo', 'rotura', 'seguro', 'siniestro', 'situación', 'taxímetro', 'tomador', 'turismo', 'ue', 'vehículo', 'vencimiento']"
turismo-comercial-basico-robo-ipid.pdf,data\processed\turismo-comercial-basico-robo-ipid.txt,2025-05-05T17:15:59.132196,2025-05-05T17:15:59.132196,6207,5918,894,2025-05-05T17:35:26.203984,"['ALLIANZ', 'Allianz']","['Responsabilidad Civil', 'Responsabilidad civil', 'auto', 'automóvil']","['Accidente', 'Asistencia', 'DAÑOS', 'Daños', 'INCENDIO', 'Incendio', 'Invalidez', 'ROBO', 'Responsabilidad', 'Robo', 'asistencia', 'daños', 'responsabilidad', 'robo']",[],[],['Producto'],[],"['accesorio', 'allianz', 'anticipación', 'asegurador', 'asegurar', 'asistencia', 'automóvil', 'bien', 'c', 'carga', 'carácter', 'caso', 'circulación', 'civil', 'cobertura', 'compañía', 'complementario', 'comunicar', 'conducción', 'conducir', 'conductor', 'consecuencia', 'contrato', 'convenio', 'daño', 'deber', 'dirección', 'do', 'entidad', 'euros', 'facilitar', 'fenómeno', 'formalización', 'garantía', 'incendio', 'indemnización', 'información', 'medio', 'mes', 'máximo', 'nacional', 'naturaleza', 'notificando él', 'oberturo', 'obligatorio', 'oponer', 'pagar', 'pago', 'país', 'permiso', 'persona', 'plazo', 'prima', 'producir', 'producto', 'propietario', 'póliza', 'q', 'r', 'rc', 'reclamación', 'responsabilidad', 'retirado', 'riesgo', 'robo', 'rotura', 'seguro', 'siniestro', 'situación', 'taxímetro', 'tomador', 'turismo', 'ue', 'valor', 'vehículo', 'vencimiento']"
turismo-comercial-perdida-total-ipid.pdf,data\processed\turismo-comercial-perdida-total-ipid.txt,2025-05-05T17:15:59.297447,2025-05-05T17:15:59.297447,6122,5835,883,2025-05-05T17:35:26.433157,"['ALLIANZ', 'Allianz']","['Responsabilidad Civil', 'Responsabilidad civil', 'auto', 'automóvil']","['Accidente', 'Asistencia', 'Daños', 'Incendio', 'Invalidez', 'Responsabilidad', 'Robo', 'asistencia', 'daños', 'responsabilidad', 'robo']",[],[],['Producto'],[],"['accesorio', 'allianz', 'anticipación', 'asegurador', 'asegurar', 'asistencia', 'automóvil', 'bien', 'c', 'carga', 'carácter', 'caso', 'circulación', 'civil', 'cobertura', 'compañía', 'complementario', 'comunicar', 'conducción', 'conducir', 'conductor', 'consecuencia', 'contrato', 'convenio', 'daño', 'deber', 'dirección', 'do', 'entidad', 'euros', 'facilitar', 'fenómeno', 'formalización', 'garantía', 'incendio', 'indemnización', 'información', 'medio', 'mes', 'máximo', 'nacional', 'naturaleza', 'notificando él', 'oberturo', 'obligatorio', 'oponer', 'pagar', 'pago', 'país', 'perdido', 'permiso', 'persona', 'plazo', 'prima', 'producir', 'producto', 'propietario', 'póliza', 'q', 'r', 'rc', 'reclamación', 'responsabilidad', 'retirado', 'riesgo', 'robo', 'rotura', 'seguro', 'siniestro', 'situación', 'taxímetro', 'tomador', 'turismo', 'ue', 'valor', 'vehículo', 'vencimiento']"
turismo-comercial-todo-riesgo-franquicia-ipid.pdf,data\processed\turismo-comercial-todo-riesgo-franquicia-ipid.txt,2025-05-05T17:15:59.498589,2025-05-05T17:15:59.498589,6495,6197,946,2025-05-05T17:35:26.658646,"['ALLIANZ', 'Allianz']","['Responsabilidad Civil', 'Responsabilidad civil', 'auto', 'automóvil']","['Accidente', 'Asistencia', 'Daños', 'Incendio', 'Invalidez', 'Responsabilidad', 'Robo', 'asistencia', 'daños', 'responsabilidad', 'robo']",[],[],['Producto'],[],"['accesorio', 'allianz', 'anticipación', 'asegurador', 'asegurar', 'asistencia', 'automóvil', 'bien', 'c', 'carga', 'carácter', 'caso', 'circulación', 'civil', 'cobertura', 'compañía', 'complementario', 'comunicar', 'conducción', 'conducir', 'conductor', 'consecuencia', 'contrato', 'convenio', 'daño', 'deber', 'dirección', 'do', 'efecto', 'entidad', 'euros', 'facilitar', 'fenómeno', 'formalización', 'garantía', 'incendio', 'indemnización', 'información', 'medio', 'mes', 'máximo', 'nacional', 'naturaleza', 'notificando él', 'oberturo', 'obligatorio', 'oponer', 'pagar', 'pago', 'país', 'permiso', 'persona', 'plazo', 'prima', 'producir', 'producto', 'propietario', 'póliza', 'q', 'r', 'rc', 'reclamación', 'responsabilidad', 'retirado', 'riesgo', 'robo', 'rotura', 'seguro', 'siniestro', 'situación', 'subsidio', 'taxímetro', 'tomador', 'turismo', 'ue', 'valor', 'vehículo', 'vencimiento']"
turismo-comercial-todo-riesgo-ipid.pdf,data\processed\turismo-comercial-todo-riesgo-ipid.txt,2025-05-05T17:15:59.643248,2025-05-05T17:15:59.643248,6367,6072,927,2025-05-05T17:35:26.902098,"['ALLIANZ', 'Allianz']","['Responsabilidad Civil', 'Responsabilidad civil', 'auto', 'automóvil']","['Accidente', 'Asistencia', 'Daños', 'Incendio', 'Invalidez', 'Responsabilidad', 'Robo', 'asistencia', 'daños', 'responsabilidad', 'robo']",[],['Allianz'],['Producto'],[],"['accesorio', 'allianz', 'anticipación', 'asegurador', 'asegurar', 'asistencia', 'automóvil', 'bien', 'c', 'carga', 'carácter', 'caso', 'circulación', 'civil', 'cobertura', 'compañía', 'complementario', 'comunicar', 'conducción', 'conducir', 'conductor', 'consecuencia', 'contrato', 'convenio', 'daño', 'deber', 'dirección', 'do', 'efecto', 'entidad', 'euros', 'facilitar', 'fenómeno', 'formalización', 'garantía', 'incendio', 'indemnización', 'información', 'medio', 'mes', 'máximo', 'nacional', 'naturaleza', 'notificando él', 'oberturo', 'obligatorio', 'oponer', 'pagar', 'pago', 'país', 'permiso', 'persona', 'plazo', 'prima', 'producir', 'producto', 'propietario', 'póliza', 'q', 'r', 'rc', 'reclamación', 'responsabilidad', 'retirado', 'riesgo', 'robo', 'rotura', 'seguro', 'siniestro', 'situación', 'subsidio', 'taxímetro', 'tomador', 'turismo', 'ue', 'valor', 'vehículo', 'vencimiento']"
